title,content,author,date,published
Title 1,"Lorem ipsum dolor sit amet, consectetur adipiscing elit. Duis tristique nisi sed lacus sollicitudin eleifend. Proin nec quam sit amet nibh egestas scelerisque. Donec vel purus at quam hendrerit porttitor quis aliquet justo. Etiam mollis metus eu enim condimentum pretium. Aliquam vehicula molestie tortor at porta. Nulla scelerisque libero nec arcu tincidunt, fermentum interdum sapien hendrerit. Vivamus aliquet non risus id ultricies. Integer viverra arcu consectetur velit ultricies, eleifend convallis elit imperdiet. Ut sit amet metus id lorem ultrices accumsan vitae nec arcu.

Pellentesque ultricies tortor metus, eget sagittis velit fermentum vel. Nam finibus turpis elementum risus posuere, a bibendum urna aliquet. Aliquam mi nisi, sollicitudin eget fringilla et, posuere sit amet diam. Donec imperdiet laoreet eleifend. Sed sagittis eros vel placerat semper. Nulla iaculis risus vel nulla facilisis maximus in faucibus est. Ut vitae volutpat justo. Maecenas leo mi, consectetur quis ex vitae, malesuada semper elit. Vivamus at nisl id leo luctus sollicitudin id sit amet mi. Etiam est augue, posuere vel mattis in, elementum ac est.

",631cea3c8af151a8f8287b31,,TRUE
Title 2,"Pellentesque ultricies tortor metus, eget sagittis velit fermentum vel. Nam finibus turpis elementum risus posuere, a bibendum urna aliquet. Aliquam mi nisi, sollicitudin eget fringilla et, posuere sit amet diam. Donec imperdiet laoreet eleifend. Sed sagittis eros vel placerat semper. Nulla iaculis risus vel nulla facilisis maximus in faucibus est. Ut vitae volutpat justo. Maecenas leo mi, consectetur quis ex vitae, malesuada semper elit. Vivamus at nisl id leo luctus sollicitudin id sit amet mi. Etiam est augue, posuere vel mattis in, elementum ac est.
",631cea3c8af151a8f8287b31,,TRUE
Title 3,"Lorem ipsum dolor sit amet, consectetur adipiscing elit. Duis tristique nisi sed lacus sollicitudin eleifend. Proin nec quam sit amet nibh egestas scelerisque. Donec vel purus at quam hendrerit porttitor quis aliquet justo. Etiam mollis metus eu enim condimentum pretium. Aliquam vehicula molestie tortor at porta. Nulla scelerisque libero nec arcu tincidunt, fermentum interdum sapien hendrerit. Vivamus aliquet non risus id ultricies. Integer viverra arcu consectetur velit ultricies, eleifend convallis elit imperdiet. Ut sit amet metus id lorem ultrices accumsan vitae nec arcu.

Pellentesque ultricies tortor metus, eget sagittis velit fermentum vel. Nam finibus turpis elementum risus posuere, a bibendum urna aliquet. Aliquam mi nisi, sollicitudin eget fringilla et, posuere sit amet diam. Donec imperdiet laoreet eleifend. Sed sagittis eros vel placerat semper. Nulla iaculis risus vel nulla facilisis maximus in faucibus est. Ut vitae volutpat justo. Maecenas leo mi, consectetur quis ex vitae, malesuada semper elit. Vivamus at nisl id leo luctus sollicitudin id sit amet mi. Etiam est augue, posuere vel mattis in, elementum ac est.

Nunc vitae magna libero. Maecenas vestibulum varius lectus ac finibus. Pellentesque laoreet turpis nec nisl sagittis, nec pretium enim finibus. Vestibulum rhoncus arcu sit amet ullamcorper pretium. Donec interdum ac lacus vel congue. Quisque eget tempor quam. Curabitur vitae arcu eget sapien pellentesque efficitur ut a enim. Sed euismod augue nec malesuada elementum. Aliquam a leo ut magna viverra vehicula vel sed arcu. Pellentesque id enim euismod, semper sapien lobortis, pellentesque quam. Etiam auctor aliquet est quis tempus. Curabitur non congue massa. Nam risus lorem, eleifend vel ex ac, posuere suscipit turpis. Vivamus rutrum diam vitae egestas venenatis. Etiam laoreet eu metus quis condimentum.",631cea3c8af151a8f8287b31,,TRUE
Title 4,"Lorem ipsum dolor sit amet, consectetur adipiscing elit. Duis tristique nisi sed lacus sollicitudin eleifend. Proin nec quam sit amet nibh egestas scelerisque. Donec vel purus at quam hendrerit porttitor quis aliquet justo. Etiam mollis metus eu enim condimentum pretium. Aliquam vehicula molestie tortor at porta. Nulla scelerisque libero nec arcu tincidunt, fermentum interdum sapien hendrerit. Vivamus aliquet non risus id ultricies. Integer viverra arcu consectetur velit ultricies, eleifend convallis elit imperdiet. Ut sit amet metus id lorem ultrices accumsan vitae nec arcu.

Pellentesque ultricies tortor metus, eget sagittis velit fermentum vel. Nam finibus turpis elementum risus posuere, a bibendum urna aliquet. Aliquam mi nisi, sollicitudin eget fringilla et, posuere sit amet diam. Donec imperdiet laoreet eleifend. Sed sagittis eros vel placerat semper. Nulla iaculis risus vel nulla facilisis maximus in faucibus est. Ut vitae volutpat justo. Maecenas leo mi, consectetur quis ex vitae, malesuada semper elit. Vivamus at nisl id leo luctus sollicitudin id sit amet mi. Etiam est augue, posuere vel mattis in, elementum ac est.

Nunc vitae magna libero. Maecenas vestibulum varius lectus ac finibus. Pellentesque laoreet turpis nec nisl sagittis, nec pretium enim finibus. Vestibulum rhoncus arcu sit amet ullamcorper pretium. Donec interdum ac lacus vel congue. Quisque eget tempor quam. Curabitur vitae arcu eget sapien pellentesque efficitur ut a enim. Sed euismod augue nec malesuada elementum. Aliquam a leo ut magna viverra vehicula vel sed arcu. Pellentesque id enim euismod, semper sapien lobortis, pellentesque quam. Etiam auctor aliquet est quis tempus. Curabitur non congue massa. Nam risus lorem, eleifend vel ex ac, posuere suscipit turpis. Vivamus rutrum diam vitae egestas venenatis. Etiam laoreet eu metus quis condimentum.

Praesent dolor dui, porttitor id massa non, consectetur luctus justo. Donec lacus metus, dapibus mattis purus ac, viverra blandit lectus. Maecenas diam sem, ultrices vitae facilisis in, lobortis non velit. Nunc quis augue a elit aliquam tristique. In lacinia malesuada nulla et maximus. In eu posuere diam. Fusce blandit sapien eget facilisis varius. Duis vestibulum sem dapibus, vulputate erat tincidunt, tempus dui. In hac habitasse platea dictumst. Curabitur imperdiet nibh velit, et interdum nulla cursus placerat. Pellentesque habitant morbi tristique senectus et netus et malesuada fames ac turpis egestas. Nullam malesuada nisl ante, in blandit tellus placerat in. Aenean efficitur ullamcorper facilisis. Vestibulum in mauris finibus, posuere ante at, laoreet odio. Morbi metus urna, auctor ut lorem vitae, scelerisque pulvinar neque. Suspendisse et elit id lectus vulputate bibendum eget ac nisi.",631cea3c8af151a8f8287b31,,TRUE
Title 5,"Vestibulum iaculis dolor sit amet congue commodo. Proin aliquam justo eu nisi pellentesque pulvinar. Maecenas erat erat, facilisis vel semper non, sodales ut mauris. Suspendisse vitae sagittis diam, eu pretium felis. Nulla elementum diam imperdiet massa varius facilisis. Aenean sodales lectus et leo pretium, at fermentum erat porta. Suspendisse leo ante, lacinia at velit id, commodo hendrerit ex. Fusce ac sem malesuada, ultrices risus in, tempor odio.",631cea3c8af151a8f8287b31,,TRUE
Title 6,"Nunc vitae magna libero. Maecenas vestibulum varius lectus ac finibus. Pellentesque laoreet turpis nec nisl sagittis, nec pretium enim finibus. Vestibulum rhoncus arcu sit amet ullamcorper pretium. Donec interdum ac lacus vel congue. Quisque eget tempor quam. Curabitur vitae arcu eget sapien pellentesque efficitur ut a enim. Sed euismod augue nec malesuada elementum. Aliquam a leo ut magna viverra vehicula vel sed arcu. Pellentesque id enim euismod, semper sapien lobortis, pellentesque quam. Etiam auctor aliquet est quis tempus. Curabitur non congue massa. Nam risus lorem, eleifend vel ex ac, posuere suscipit turpis. Vivamus rutrum diam vitae egestas venenatis. Etiam laoreet eu metus quis condimentum.

Praesent dolor dui, porttitor id massa non, consectetur luctus justo. Donec lacus metus, dapibus mattis purus ac, viverra blandit lectus. Maecenas diam sem, ultrices vitae facilisis in, lobortis non velit. Nunc quis augue a elit aliquam tristique. In lacinia malesuada nulla et maximus. In eu posuere diam. Fusce blandit sapien eget facilisis varius. Duis vestibulum sem dapibus, vulputate erat tincidunt, tempus dui. In hac habitasse platea dictumst. Curabitur imperdiet nibh velit, et interdum nulla cursus placerat. Pellentesque habitant morbi tristique senectus et netus et malesuada fames ac turpis egestas. Nullam malesuada nisl ante, in blandit tellus placerat in. Aenean efficitur ullamcorper facilisis. Vestibulum in mauris finibus, posuere ante at, laoreet odio. Morbi metus urna, auctor ut lorem vitae, scelerisque pulvinar neque. Suspendisse et elit id lectus vulputate bibendum eget ac nisi.",631cea3c8af151a8f8287b31,,TRUE
Title 7,"Pellentesque ultricies tortor metus, eget sagittis velit fermentum vel. Nam finibus turpis elementum risus posuere, a bibendum urna aliquet. Aliquam mi nisi, sollicitudin eget fringilla et, posuere sit amet diam. Donec imperdiet laoreet eleifend. Sed sagittis eros vel placerat semper. Nulla iaculis risus vel nulla facilisis maximus in faucibus est. Ut vitae volutpat justo. Maecenas leo mi, consectetur quis ex vitae, malesuada semper elit. Vivamus at nisl id leo luctus sollicitudin id sit amet mi. Etiam est augue, posuere vel mattis in, elementum ac est.

Nunc vitae magna libero. Maecenas vestibulum varius lectus ac finibus. Pellentesque laoreet turpis nec nisl sagittis, nec pretium enim finibus. Vestibulum rhoncus arcu sit amet ullamcorper pretium. Donec interdum ac lacus vel congue. Quisque eget tempor quam. Curabitur vitae arcu eget sapien pellentesque efficitur ut a enim. Sed euismod augue nec malesuada elementum. Aliquam a leo ut magna viverra vehicula vel sed arcu. Pellentesque id enim euismod, semper sapien lobortis, pellentesque quam. Etiam auctor aliquet est quis tempus. Curabitur non congue massa. Nam risus lorem, eleifend vel ex ac, posuere suscipit turpis. Vivamus rutrum diam vitae egestas venenatis. Etiam laoreet eu metus quis condimentum.",631cea3c8af151a8f8287b31,,TRUE
Title 8,"Praesent dolor dui, porttitor id massa non, consectetur luctus justo. Donec lacus metus, dapibus mattis purus ac, viverra blandit lectus. Maecenas diam sem, ultrices vitae facilisis in, lobortis non velit. Nunc quis augue a elit aliquam tristique. In lacinia malesuada nulla et maximus. In eu posuere diam. Fusce blandit sapien eget facilisis varius. Duis vestibulum sem dapibus, vulputate erat tincidunt, tempus dui. In hac habitasse platea dictumst. Curabitur imperdiet nibh velit, et interdum nulla cursus placerat. Pellentesque habitant morbi tristique senectus et netus et malesuada fames ac turpis egestas. Nullam malesuada nisl ante, in blandit tellus placerat in. Aenean efficitur ullamcorper facilisis. Vestibulum in mauris finibus, posuere ante at, laoreet odio. Morbi metus urna, auctor ut lorem vitae, scelerisque pulvinar neque. Suspendisse et elit id lectus vulputate bibendum eget ac nisi.

Vestibulum iaculis dolor sit amet congue commodo. Proin aliquam justo eu nisi pellentesque pulvinar. Maecenas erat erat, facilisis vel semper non, sodales ut mauris. Suspendisse vitae sagittis diam, eu pretium felis. Nulla elementum diam imperdiet massa varius facilisis. Aenean sodales lectus et leo pretium, at fermentum erat porta. Suspendisse leo ante, lacinia at velit id, commodo hendrerit ex. Fusce ac sem malesuada, ultrices risus in, tempor odio.",631cea3c8af151a8f8287b31,,TRUE
Title 9,"Lorem ipsum dolor sit amet, consectetur adipiscing elit. Duis tristique nisi sed lacus sollicitudin eleifend. Proin nec quam sit amet nibh egestas scelerisque. Donec vel purus at quam hendrerit porttitor quis aliquet justo. Etiam mollis metus eu enim condimentum pretium. Aliquam vehicula molestie tortor at porta. Nulla scelerisque libero nec arcu tincidunt, fermentum interdum sapien hendrerit. Vivamus aliquet non risus id ultricies. Integer viverra arcu consectetur velit ultricies, eleifend convallis elit imperdiet. Ut sit amet metus id lorem ultrices accumsan vitae nec arcu.",631cea3c8af151a8f8287b31,,TRUE
Title 10,"Pellentesque ultricies tortor metus, eget sagittis velit fermentum vel. Nam finibus turpis elementum risus posuere, a bibendum urna aliquet. Aliquam mi nisi, sollicitudin eget fringilla et, posuere sit amet diam. Donec imperdiet laoreet eleifend. Sed sagittis eros vel placerat semper. Nulla iaculis risus vel nulla facilisis maximus in faucibus est. Ut vitae volutpat justo. Maecenas leo mi, consectetur quis ex vitae, malesuada semper elit. Vivamus at nisl id leo luctus sollicitudin id sit amet mi. Etiam est augue, posuere vel mattis in, elementum ac est.",631cea3c8af151a8f8287b31,,TRUE
Title 11,"Praesent dolor dui, porttitor id massa non, consectetur luctus justo. Donec lacus metus, dapibus mattis purus ac, viverra blandit lectus. Maecenas diam sem, ultrices vitae facilisis in, lobortis non velit. Nunc quis augue a elit aliquam tristique. In lacinia malesuada nulla et maximus. In eu posuere diam. Fusce blandit sapien eget facilisis varius. Duis vestibulum sem dapibus, vulputate erat tincidunt, tempus dui. In hac habitasse platea dictumst. Curabitur imperdiet nibh velit, et interdum nulla cursus placerat. Pellentesque habitant morbi tristique senectus et netus et malesuada fames ac turpis egestas. Nullam malesuada nisl ante, in blandit tellus placerat in. Aenean efficitur ullamcorper facilisis. Vestibulum in mauris finibus, posuere ante at, laoreet odio. Morbi metus urna, auctor ut lorem vitae, scelerisque pulvinar neque. Suspendisse et elit id lectus vulputate bibendum eget ac nisi.",631d0dc3a387ad2e1a42bf06,,FALSE
Title 12,"Lorem ipsum dolor sit amet, consectetur adipiscing elit. Duis tristique nisi sed lacus sollicitudin eleifend. Proin nec quam sit amet nibh egestas scelerisque. Donec vel purus at quam hendrerit porttitor quis aliquet justo. Etiam mollis metus eu enim condimentum pretium. Aliquam vehicula molestie tortor at porta. Nulla scelerisque libero nec arcu tincidunt, fermentum interdum sapien hendrerit. Vivamus aliquet non risus id ultricies. Integer viverra arcu consectetur velit ultricies, eleifend convallis elit imperdiet. Ut sit amet metus id lorem ultrices accumsan vitae nec arcu.

Pellentesque ultricies tortor metus, eget sagittis velit fermentum vel. Nam finibus turpis elementum risus posuere, a bibendum urna aliquet. Aliquam mi nisi, sollicitudin eget fringilla et, posuere sit amet diam. Donec imperdiet laoreet eleifend. Sed sagittis eros vel placerat semper. Nulla iaculis risus vel nulla facilisis maximus in faucibus est. Ut vitae volutpat justo. Maecenas leo mi, consectetur quis ex vitae, malesuada semper elit. Vivamus at nisl id leo luctus sollicitudin id sit amet mi. Etiam est augue, posuere vel mattis in, elementum ac est.

Nunc vitae magna libero. Maecenas vestibulum varius lectus ac finibus. Pellentesque laoreet turpis nec nisl sagittis, nec pretium enim finibus. Vestibulum rhoncus arcu sit amet ullamcorper pretium. Donec interdum ac lacus vel congue. Quisque eget tempor quam. Curabitur vitae arcu eget sapien pellentesque efficitur ut a enim. Sed euismod augue nec malesuada elementum. Aliquam a leo ut magna viverra vehicula vel sed arcu. Pellentesque id enim euismod, semper sapien lobortis, pellentesque quam. Etiam auctor aliquet est quis tempus. Curabitur non congue massa. Nam risus lorem, eleifend vel ex ac, posuere suscipit turpis. Vivamus rutrum diam vitae egestas venenatis. Etiam laoreet eu metus quis condimentum.

Praesent dolor dui, porttitor id massa non, consectetur luctus justo. Donec lacus metus, dapibus mattis purus ac, viverra blandit lectus. Maecenas diam sem, ultrices vitae facilisis in, lobortis non velit. Nunc quis augue a elit aliquam tristique. In lacinia malesuada nulla et maximus. In eu posuere diam. Fusce blandit sapien eget facilisis varius. Duis vestibulum sem dapibus, vulputate erat tincidunt, tempus dui. In hac habitasse platea dictumst. Curabitur imperdiet nibh velit, et interdum nulla cursus placerat. Pellentesque habitant morbi tristique senectus et netus et malesuada fames ac turpis egestas. Nullam malesuada nisl ante, in blandit tellus placerat in. Aenean efficitur ullamcorper facilisis. Vestibulum in mauris finibus, posuere ante at, laoreet odio. Morbi metus urna, auctor ut lorem vitae, scelerisque pulvinar neque. Suspendisse et elit id lectus vulputate bibendum eget ac nisi.

Vestibulum iaculis dolor sit amet congue commodo. Proin aliquam justo eu nisi pellentesque pulvinar. Maecenas erat erat, facilisis vel semper non, sodales ut mauris. Suspendisse vitae sagittis diam, eu pretium felis. Nulla elementum diam imperdiet massa varius facilisis. Aenean sodales lectus et leo pretium, at fermentum erat porta. Suspendisse leo ante, lacinia at velit id, commodo hendrerit ex. Fusce ac sem malesuada, ultrices risus in, tempor odio.",631d0dc3a387ad2e1a42bf06,,FALSE
Title 13,"Lorem ipsum dolor sit amet, consectetur adipiscing elit. Duis tristique nisi sed lacus sollicitudin eleifend. Proin nec quam sit amet nibh egestas scelerisque. Donec vel purus at quam hendrerit porttitor quis aliquet justo. Etiam mollis metus eu enim condimentum pretium. Aliquam vehicula molestie tortor at porta. Nulla scelerisque libero nec arcu tincidunt, fermentum interdum sapien hendrerit. Vivamus aliquet non risus id ultricies. Integer viverra arcu consectetur velit ultricies, eleifend convallis elit imperdiet. Ut sit amet metus id lorem ultrices accumsan vitae nec arcu.

Pellentesque ultricies tortor metus, eget sagittis velit fermentum vel. Nam finibus turpis elementum risus posuere, a bibendum urna aliquet. Aliquam mi nisi, sollicitudin eget fringilla et, posuere sit amet diam. Donec imperdiet laoreet eleifend. Sed sagittis eros vel placerat semper. Nulla iaculis risus vel nulla facilisis maximus in faucibus est. Ut vitae volutpat justo. Maecenas leo mi, consectetur quis ex vitae, malesuada semper elit. Vivamus at nisl id leo luctus sollicitudin id sit amet mi. Etiam est augue, posuere vel mattis in, elementum ac est.

Nunc vitae magna libero. Maecenas vestibulum varius lectus ac finibus. Pellentesque laoreet turpis nec nisl sagittis, nec pretium enim finibus. Vestibulum rhoncus arcu sit amet ullamcorper pretium. Donec interdum ac lacus vel congue. Quisque eget tempor quam. Curabitur vitae arcu eget sapien pellentesque efficitur ut a enim. Sed euismod augue nec malesuada elementum. Aliquam a leo ut magna viverra vehicula vel sed arcu. Pellentesque id enim euismod, semper sapien lobortis, pellentesque quam. Etiam auctor aliquet est quis tempus. Curabitur non congue massa. Nam risus lorem, eleifend vel ex ac, posuere suscipit turpis. Vivamus rutrum diam vitae egestas venenatis. Etiam laoreet eu metus quis condimentum.",631d0dc3a387ad2e1a42bf06,,FALSE
Title 14,"Praesent dolor dui, porttitor id massa non, consectetur luctus justo. Donec lacus metus, dapibus mattis purus ac, viverra blandit lectus. Maecenas diam sem, ultrices vitae facilisis in, lobortis non velit. Nunc quis augue a elit aliquam tristique. In lacinia malesuada nulla et maximus. In eu posuere diam. Fusce blandit sapien eget facilisis varius. Duis vestibulum sem dapibus, vulputate erat tincidunt, tempus dui. In hac habitasse platea dictumst. Curabitur imperdiet nibh velit, et interdum nulla cursus placerat. Pellentesque habitant morbi tristique senectus et netus et malesuada fames ac turpis egestas. Nullam malesuada nisl ante, in blandit tellus placerat in. Aenean efficitur ullamcorper facilisis. Vestibulum in mauris finibus, posuere ante at, laoreet odio. Morbi metus urna, auctor ut lorem vitae, scelerisque pulvinar neque. Suspendisse et elit id lectus vulputate bibendum eget ac nisi.

Vestibulum iaculis dolor sit amet congue commodo. Proin aliquam justo eu nisi pellentesque pulvinar. Maecenas erat erat, facilisis vel semper non, sodales ut mauris. Suspendisse vitae sagittis diam, eu pretium felis. Nulla elementum diam imperdiet massa varius facilisis. Aenean sodales lectus et leo pretium, at fermentum erat porta. Suspendisse leo ante, lacinia at velit id, commodo hendrerit ex. Fusce ac sem malesuada, ultrices risus in, tempor odio.",631d0dc3a387ad2e1a42bf06,,FALSE
Title 15,"Nunc vitae magna libero. Maecenas vestibulum varius lectus ac finibus. Pellentesque laoreet turpis nec nisl sagittis, nec pretium enim finibus. Vestibulum rhoncus arcu sit amet ullamcorper pretium. Donec interdum ac lacus vel congue. Quisque eget tempor quam. Curabitur vitae arcu eget sapien pellentesque efficitur ut a enim. Sed euismod augue nec malesuada elementum. Aliquam a leo ut magna viverra vehicula vel sed arcu. Pellentesque id enim euismod, semper sapien lobortis, pellentesque quam. Etiam auctor aliquet est quis tempus. Curabitur non congue massa. Nam risus lorem, eleifend vel ex ac, posuere suscipit turpis. Vivamus rutrum diam vitae egestas venenatis. Etiam laoreet eu metus quis condimentum.",631d0dc3a387ad2e1a42bf06,,FALSE
